Liver-HCC.5utr.mut.tsv:4	74270002	74270003	SNP	C	T	TCC	DO48692	TCC>T	4	74269955	74270044	gc19_pc.5utr::gencode::ALB::ENSG00000163631.12	gc19_pc.5utr::gencode::ALB::ENSG00000163631.12::0
Liver-HCC.promCore.mut.tsv:4	74270002	74270003	SNP	C	T	TCC	DO48692	TCC>T	4	74269755	74270044	gc19_pc.promCore::gencode::ALB::ENSG00000163631.12	gc19_pc.promCore::gencode::ALB::ENSG00000163631.12::2
Liver-HCC.promDomain.mut.tsv:4	74270002	74270003	SNP	C	T	TCC	DO48692	TCC>T	4	74269755	74270044	gc19_pc.promDomain::gencode::ALB::ENSG00000163631.12	gc19_pc.promDomain::gencode::ALB::ENSG00000163631.12::2
Liver-HCC.5utr.mut.tsv:4	74270014	74270015	SNP	C	T	TCT	DO22887	TCT>T	4	74269955	74270044	gc19_pc.5utr::gencode::ALB::ENSG00000163631.12	gc19_pc.5utr::gencode::ALB::ENSG00000163631.12::0
Liver-HCC.promCore.mut.tsv:4	74270014	74270015	SNP	C	T	TCT	DO22887	TCT>T	4	74269755	74270044	gc19_pc.promCore::gencode::ALB::ENSG00000163631.12	gc19_pc.promCore::gencode::ALB::ENSG00000163631.12::2
Liver-HCC.promDomain.mut.tsv:4	74270014	74270015	SNP	C	T	TCT	DO22887	TCT>T	4	74269755	74270044	gc19_pc.promDomain::gencode::ALB::ENSG00000163631.12	gc19_pc.promDomain::gencode::ALB::ENSG00000163631.12::2
Liver-HCC.cds.mut.tsv:4	74270077	74270078	SNP	C	T	TCT	DO48686	TCT>T	4	74270044	74270123	gc19_pc.cds::gencode::ALB::ENSG00000163631.12	gc19_pc.cds::gencode::ALB::ENSG00000163631.12::1
Liver-HCC.promCore.mut.tsv:4	74270143	74270146	DEL	TTG	-	ATT	DO45143	other	4	74270129	74270224	gc19_pc.promCore::gencode::ALB::ENSG00000163631.12	gc19_pc.promCore::gencode::ALB::ENSG00000163631.12::3
Liver-HCC.promDomain.mut.tsv:4	74270143	74270146	DEL	TTG	-	ATT	DO45143	other	4	74270129	74270224	gc19_pc.promDomain::gencode::ALB::ENSG00000163631.12	gc19_pc.promDomain::gencode::ALB::ENSG00000163631.12::3
Liver-HCC.promCore.mut.tsv:4	74270154	74270162	DEL	TTATTCTA	-	TTT	DO23542	other	4	74270129	74270224	gc19_pc.promCore::gencode::ALB::ENSG00000163631.12	gc19_pc.promCore::gencode::ALB::ENSG00000163631.12::3
Liver-HCC.promDomain.mut.tsv:4	74270154	74270162	DEL	TTATTCTA	-	TTT	DO23542	other	4	74270129	74270224	gc19_pc.promDomain::gencode::ALB::ENSG00000163631.12	gc19_pc.promDomain::gencode::ALB::ENSG00000163631.12::3
Liver-HCC.promCore.mut.tsv:4	74270214	74270215	SNP	T	C	TTT	DO45181	TTT>C	4	74270129	74270224	gc19_pc.promCore::gencode::ALB::ENSG00000163631.12	gc19_pc.promCore::gencode::ALB::ENSG00000163631.12::3
Liver-HCC.promDomain.mut.tsv:4	74270214	74270215	SNP	T	C	TTT	DO45181	TTT>C	4	74270129	74270224	gc19_pc.promDomain::gencode::ALB::ENSG00000163631.12	gc19_pc.promDomain::gencode::ALB::ENSG00000163631.12::3
Liver-HCC.ss.mut.tsv:4	74270815	74270824	DEL	TTTCTTCCC	-	TTT	DO50774	other	4	74270812	74270832	gc19_pc.ss::gencode::ALB::ENSG00000163631.12	gc19_pc.ss::gencode::ALB::ENSG00000163631.12::2
Liver-HCC.cds.mut.tsv:4	74270859	74270860	SNP	A	G	AAA	DO44919	TTT>C	4	74270832	74270890	gc19_pc.cds::gencode::ALB::ENSG00000163631.12	gc19_pc.cds::gencode::ALB::ENSG00000163631.12::2
Liver-HCC.cds.mut.tsv:4	74272351	74272352	SNP	G	C	TGA	DO45105	TCA>G	4	74272345	74272478	gc19_pc.cds::gencode::ALB::ENSG00000163631.12	gc19_pc.cds::gencode::ALB::ENSG00000163631.12::3
Liver-HCC.ss.mut.tsv:4	74272482	74272488	DEL	GTACAT	-	AGT	DO45159	other	4	74272478	74272484	gc19_pc.ss::gencode::ALB::ENSG00000163631.12	gc19_pc.ss::gencode::ALB::ENSG00000163631.12::5
Liver-HCC.cds.mut.tsv:4	74274352	74274353	SNP	C	A	TCG	DO23540	TCG>A	4	74274310	74274522	gc19_pc.cds::gencode::ALB::ENSG00000163631.12	gc19_pc.cds::gencode::ALB::ENSG00000163631.12::4
Liver-HCC.cds.mut.tsv:4	74274421	74274422	SNP	C	A	GCA	DO50857	GCA>A	4	74274310	74274522	gc19_pc.cds::gencode::ALB::ENSG00000163631.12	gc19_pc.cds::gencode::ALB::ENSG00000163631.12::4
Liver-HCC.cds.mut.tsv:4	74274520	74274524	DEL	AAGT	-	AAA	DO23529	other	4	74274310	74274522	gc19_pc.cds::gencode::ALB::ENSG00000163631.12	gc19_pc.cds::gencode::ALB::ENSG00000163631.12::4
Liver-HCC.cds.mut.tsv:4	74274520	74274524	DEL	AAGT	-	AAA	DO45064	other	4	74274310	74274522	gc19_pc.cds::gencode::ALB::ENSG00000163631.12	gc19_pc.cds::gencode::ALB::ENSG00000163631.12::4
Liver-HCC.cds.mut.tsv:4	74274520	74274524	DEL	AAGT	-	AAA	DO45087	other	4	74274310	74274522	gc19_pc.cds::gencode::ALB::ENSG00000163631.12	gc19_pc.cds::gencode::ALB::ENSG00000163631.12::4
Liver-HCC.ss.mut.tsv:4	74274520	74274524	DEL	AAGT	-	AAA	DO23529	other	4	74274522	74274528	gc19_pc.ss::gencode::ALB::ENSG00000163631.12	gc19_pc.ss::gencode::ALB::ENSG00000163631.12::7
Liver-HCC.ss.mut.tsv:4	74274520	74274524	DEL	AAGT	-	AAA	DO45064	other	4	74274522	74274528	gc19_pc.ss::gencode::ALB::ENSG00000163631.12	gc19_pc.ss::gencode::ALB::ENSG00000163631.12::7
Liver-HCC.ss.mut.tsv:4	74274520	74274524	DEL	AAGT	-	AAA	DO45087	other	4	74274522	74274528	gc19_pc.ss::gencode::ALB::ENSG00000163631.12	gc19_pc.ss::gencode::ALB::ENSG00000163631.12::7
Liver-HCC.promCore.mut.tsv:4	74274943	74274944	SNP	A	G	CAA	DO23534	TTG>C	4	74274856	74275051	gc19_pc.promCore::gencode::ALB::ENSG00000163631.12	gc19_pc.promCore::gencode::ALB::ENSG00000163631.12::4
Liver-HCC.promDomain.mut.tsv:4	74274943	74274944	SNP	A	G	CAA	DO23534	TTG>C	4	74274856	74275051	gc19_pc.promDomain::gencode::ALB::ENSG00000163631.12	gc19_pc.promDomain::gencode::ALB::ENSG00000163631.12::4
Liver-HCC.promCore.mut.tsv:4	74274984	74274985	SNP	G	A	GGA	DO22953	TCC>T	4	74274856	74275051	gc19_pc.promCore::gencode::ALB::ENSG00000163631.12	gc19_pc.promCore::gencode::ALB::ENSG00000163631.12::4
Liver-HCC.promDomain.mut.tsv:4	74274984	74274985	SNP	G	A	GGA	DO22953	TCC>T	4	74274856	74275051	gc19_pc.promDomain::gencode::ALB::ENSG00000163631.12	gc19_pc.promDomain::gencode::ALB::ENSG00000163631.12::4
Liver-HCC.promCore.mut.tsv:4	74275006	74275034	DEL	TTACAATTATTTCTGTAATATTGTCTGC	-	ATT	DO49659	other	4	74274856	74275051	gc19_pc.promCore::gencode::ALB::ENSG00000163631.12	gc19_pc.promCore::gencode::ALB::ENSG00000163631.12::4
Liver-HCC.promDomain.mut.tsv:4	74275006	74275034	DEL	TTACAATTATTTCTGTAATATTGTCTGC	-	ATT	DO49659	other	4	74274856	74275051	gc19_pc.promDomain::gencode::ALB::ENSG00000163631.12	gc19_pc.promDomain::gencode::ALB::ENSG00000163631.12::4
Liver-HCC.promCore.mut.tsv:4	74275012	74275016	DEL	TTAT	-	ATT	DO45257	other	4	74274856	74275051	gc19_pc.promCore::gencode::ALB::ENSG00000163631.12	gc19_pc.promCore::gencode::ALB::ENSG00000163631.12::4
Liver-HCC.promDomain.mut.tsv:4	74275012	74275016	DEL	TTAT	-	ATT	DO45257	other	4	74274856	74275051	gc19_pc.promDomain::gencode::ALB::ENSG00000163631.12	gc19_pc.promDomain::gencode::ALB::ENSG00000163631.12::4
Liver-HCC.promCore.mut.tsv:4	74275044	74275048	DEL	TGAC	-	GTG	DO45096	other	4	74274856	74275051	gc19_pc.promCore::gencode::ALB::ENSG00000163631.12	gc19_pc.promCore::gencode::ALB::ENSG00000163631.12::4
Liver-HCC.promDomain.mut.tsv:4	74275044	74275048	DEL	TGAC	-	GTG	DO45096	other	4	74274856	74275051	gc19_pc.promDomain::gencode::ALB::ENSG00000163631.12	gc19_pc.promDomain::gencode::ALB::ENSG00000163631.12::4
Liver-HCC.cds.mut.tsv:4	74275050	74275060	DEL	TTTTTCTTTT	-	GTT	DO23549	other	4	74275056	74275204	gc19_pc.cds::gencode::ALB::ENSG00000163631.12	gc19_pc.cds::gencode::ALB::ENSG00000163631.12::5
Liver-HCC.promCore.mut.tsv:4	74275050	74275060	DEL	TTTTTCTTTT	-	GTT	DO23549	other	4	74274856	74275051	gc19_pc.promCore::gencode::ALB::ENSG00000163631.12	gc19_pc.promCore::gencode::ALB::ENSG00000163631.12::4
Liver-HCC.promDomain.mut.tsv:4	74275050	74275060	DEL	TTTTTCTTTT	-	GTT	DO23549	other	4	74274856	74275051	gc19_pc.promDomain::gencode::ALB::ENSG00000163631.12	gc19_pc.promDomain::gencode::ALB::ENSG00000163631.12::4
Liver-HCC.ss.mut.tsv:4	74275050	74275060	DEL	TTTTTCTTTT	-	GTT	DO23549	other	4	74275051	74275056	gc19_pc.ss::gencode::ALB::ENSG00000163631.12	gc19_pc.ss::gencode::ALB::ENSG00000163631.12::8
Liver-HCC.cds.mut.tsv:4	74275074	74275075	SNP	C	A	ACT	DO45267	ACT>A	4	74275056	74275204	gc19_pc.cds::gencode::ALB::ENSG00000163631.12	gc19_pc.cds::gencode::ALB::ENSG00000163631.12::5
Liver-HCC.cds.mut.tsv:4	74275082	74275093	DEL	AAATTGCCAGA	-	GAA	DO50857	other	4	74275056	74275204	gc19_pc.cds::gencode::ALB::ENSG00000163631.12	gc19_pc.cds::gencode::ALB::ENSG00000163631.12::5
Liver-HCC.cds.mut.tsv:4	74275123	74275151	DEL	CTTTTCTTTGCTAAAAGGTATAAAGCTG	-	CCT	DO48697	other	4	74275056	74275204	gc19_pc.cds::gencode::ALB::ENSG00000163631.12	gc19_pc.cds::gencode::ALB::ENSG00000163631.12::5
Liver-HCC.cds.mut.tsv:4	74275124	74275126	INS	-	C	CTT	DO22838	other	4	74275056	74275204	gc19_pc.cds::gencode::ALB::ENSG00000163631.12	gc19_pc.cds::gencode::ALB::ENSG00000163631.12::5
Liver-HCC.cds.mut.tsv:4	74275135	74275137	DEL	AA	-	TAA	DO45057	other	4	74275056	74275204	gc19_pc.cds::gencode::ALB::ENSG00000163631.12	gc19_pc.cds::gencode::ALB::ENSG00000163631.12::5
Liver-HCC.ss.mut.tsv:4	74275204	74275205	SNP	G	A	GGT	DO22838	ACC>T	4	74275204	74275210	gc19_pc.ss::gencode::ALB::ENSG00000163631.12	gc19_pc.ss::gencode::ALB::ENSG00000163631.12::9
Liver-HCC.ss.mut.tsv:4	74275999	74276009	DEL	AATTTTCATC	-	TAA	DO50811	other	4	74276008	74276028	gc19_pc.ss::gencode::ALB::ENSG00000163631.12	gc19_pc.ss::gencode::ALB::ENSG00000163631.12::10
Liver-HCC.cds.mut.tsv:4	74276071	74276073	DEL	AG	-	CAG	DO44966	other	4	74276028	74276126	gc19_pc.cds::gencode::ALB::ENSG00000163631.12	gc19_pc.cds::gencode::ALB::ENSG00000163631.12::6
Liver-HCC.cds.mut.tsv:4	74276079	74276080	DEL	A	-	CAA	DO45097	other	4	74276028	74276126	gc19_pc.cds::gencode::ALB::ENSG00000163631.12	gc19_pc.cds::gencode::ALB::ENSG00000163631.12::6
Liver-HCC.cds.mut.tsv:4	74276079	74276080	DEL	A	-	CAA	DO50780	other	4	74276028	74276126	gc19_pc.cds::gencode::ALB::ENSG00000163631.12	gc19_pc.cds::gencode::ALB::ENSG00000163631.12::6
Liver-HCC.cds.mut.tsv:4	74276092	74276094	INS	-	C	CTC	DO50825	other	4	74276028	74276126	gc19_pc.cds::gencode::ALB::ENSG00000163631.12	gc19_pc.cds::gencode::ALB::ENSG00000163631.12::6
Liver-HCC.cds.mut.tsv:4	74276107	74276108	SNP	A	T	GAA	DO48719	TTC>A	4	74276028	74276126	gc19_pc.cds::gencode::ALB::ENSG00000163631.12	gc19_pc.cds::gencode::ALB::ENSG00000163631.12::6
Liver-HCC.ss.mut.tsv:4	74277701	74277702	SNP	T	A	TTT	DO50806	TTT>A	4	74277692	74277712	gc19_pc.ss::gencode::ALB::ENSG00000163631.12	gc19_pc.ss::gencode::ALB::ENSG00000163631.12::12
Liver-HCC.ss.mut.tsv:4	74277843	74277844	SNP	T	A	GTA	DO45107	GTA>A	4	74277842	74277848	gc19_pc.ss::gencode::ALB::ENSG00000163631.12	gc19_pc.ss::gencode::ALB::ENSG00000163631.12::13
Liver-HCC.ss.mut.tsv:4	74279124	74279128	DEL	ACTT	-	AAC	DO45229	other	4	74279116	74279136	gc19_pc.ss::gencode::ALB::ENSG00000163631.12	gc19_pc.ss::gencode::ALB::ENSG00000163631.12::14
Liver-HCC.cds.mut.tsv:4	74279197	74279198	SNP	G	T	TGC	DO22854	GCA>A	4	74279136	74279351	gc19_pc.cds::gencode::ALB::ENSG00000163631.12	gc19_pc.cds::gencode::ALB::ENSG00000163631.12::8
Liver-HCC.cds.mut.tsv:4	74279248	74279251	DEL	ATG	-	AAT	DO45107	other	4	74279136	74279351	gc19_pc.cds::gencode::ALB::ENSG00000163631.12	gc19_pc.cds::gencode::ALB::ENSG00000163631.12::8
Liver-HCC.ss.mut.tsv:4	74280728	74280733	DEL	TATTT	-	CTA	DO45233	other	4	74280731	74280751	gc19_pc.ss::gencode::ALB::ENSG00000163631.12	gc19_pc.ss::gencode::ALB::ENSG00000163631.12::16
Liver-HCC.ss.mut.tsv:4	74280742	74280743	SNP	C	G	TCT	DO45269	TCT>G	4	74280731	74280751	gc19_pc.ss::gencode::ALB::ENSG00000163631.12	gc19_pc.ss::gencode::ALB::ENSG00000163631.12::16
Liver-HCC.ss.mut.tsv:4	74280743	74280747	DEL	TTAA	-	CTT	DO48682	other	4	74280731	74280751	gc19_pc.ss::gencode::ALB::ENSG00000163631.12	gc19_pc.ss::gencode::ALB::ENSG00000163631.12::16
Liver-HCC.ss.mut.tsv:4	74280750	74280751	DEL	G	-	AGG	DO50829	other	4	74280731	74280751	gc19_pc.ss::gencode::ALB::ENSG00000163631.12	gc19_pc.ss::gencode::ALB::ENSG00000163631.12::16
Liver-HCC.ss.mut.tsv:4	74281958	74281959	DEL	C	-	TCT	DO45075	other	4	74281952	74281972	gc19_pc.ss::gencode::ALB::ENSG00000163631.12	gc19_pc.ss::gencode::ALB::ENSG00000163631.12::18
Liver-HCC.cds.mut.tsv:4	74281990	74281991	SNP	C	G	TCT	DO23536	TCT>G	4	74281972	74282070	gc19_pc.cds::gencode::ALB::ENSG00000163631.12	gc19_pc.cds::gencode::ALB::ENSG00000163631.12::10
Liver-HCC.cds.mut.tsv:4	74282012	74282017	DEL	TAATC	-	TTA	DO23527	other	4	74281972	74282070	gc19_pc.cds::gencode::ALB::ENSG00000163631.12	gc19_pc.cds::gencode::ALB::ENSG00000163631.12::10
Liver-HCC.cds.mut.tsv:4	74282021	74282023	DEL	AA	-	CAA	DO45099	other	4	74281972	74282070	gc19_pc.cds::gencode::ALB::ENSG00000163631.12	gc19_pc.cds::gencode::ALB::ENSG00000163631.12::10
Liver-HCC.cds.mut.tsv:4	74283257	74283258	DEL	C	-	TCG	DO45171	other	4	74283247	74283386	gc19_pc.cds::gencode::ALB::ENSG00000163631.12	gc19_pc.cds::gencode::ALB::ENSG00000163631.12::11
Liver-HCC.cds.mut.tsv:4	74283296	74283298	INS	-	T	TCT	DO23018	other	4	74283247	74283386	gc19_pc.cds::gencode::ALB::ENSG00000163631.12	gc19_pc.cds::gencode::ALB::ENSG00000163631.12::11
Liver-HCC.cds.mut.tsv:4	74283341	74283343	INS	-	GTA	TTG	DO45075	other	4	74283247	74283386	gc19_pc.cds::gencode::ALB::ENSG00000163631.12	gc19_pc.cds::gencode::ALB::ENSG00000163631.12::11
Liver-HCC.cds.mut.tsv:4	74283361	74283364	DEL	AAG	-	AAA	DO45096	other	4	74283247	74283386	gc19_pc.cds::gencode::ALB::ENSG00000163631.12	gc19_pc.cds::gencode::ALB::ENSG00000163631.12::11
Liver-HCC.cds.mut.tsv:4	74283362	74283364	DEL	AG	-	AAG	DO23550	other	4	74283247	74283386	gc19_pc.cds::gencode::ALB::ENSG00000163631.12	gc19_pc.cds::gencode::ALB::ENSG00000163631.12::11
Liver-HCC.cds.mut.tsv:4	74283385	74283387	DEL	TG	-	ATG	DO23018	other	4	74283247	74283386	gc19_pc.cds::gencode::ALB::ENSG00000163631.12	gc19_pc.cds::gencode::ALB::ENSG00000163631.12::11
Liver-HCC.cds.mut.tsv:4	74283385	74283387	DEL	TG	-	ATG	DO45081	other	4	74283247	74283386	gc19_pc.cds::gencode::ALB::ENSG00000163631.12	gc19_pc.cds::gencode::ALB::ENSG00000163631.12::11
Liver-HCC.ss.mut.tsv:4	74283385	74283387	DEL	TG	-	ATG	DO23018	other	4	74283386	74283392	gc19_pc.ss::gencode::ALB::ENSG00000163631.12	gc19_pc.ss::gencode::ALB::ENSG00000163631.12::21
Liver-HCC.ss.mut.tsv:4	74283385	74283387	DEL	TG	-	ATG	DO45081	other	4	74283386	74283392	gc19_pc.ss::gencode::ALB::ENSG00000163631.12	gc19_pc.ss::gencode::ALB::ENSG00000163631.12::21
Liver-HCC.ss.mut.tsv:4	74283388	74283398	DEL	GAGTCTTTAA	-	TGA	DO23544	other	4	74283386	74283392	gc19_pc.ss::gencode::ALB::ENSG00000163631.12	gc19_pc.ss::gencode::ALB::ENSG00000163631.12::21
Liver-HCC.ss.mut.tsv:4	74283803	74283804	SNP	G	T	AGC	DO23551	GCT>A	4	74283784	74283804	gc19_pc.ss::gencode::ALB::ENSG00000163631.12	gc19_pc.ss::gencode::ALB::ENSG00000163631.12::22
Liver-HCC.cds.mut.tsv:4	74283815	74283816	SNP	C	T	TCC	DO50819	TCC>T	4	74283804	74284028	gc19_pc.cds::gencode::ALB::ENSG00000163631.12	gc19_pc.cds::gencode::ALB::ENSG00000163631.12::12
Liver-HCC.cds.mut.tsv:4	74283859	74283861	DEL	AC	-	GAC	DO48677	other	4	74283804	74284028	gc19_pc.cds::gencode::ALB::ENSG00000163631.12	gc19_pc.cds::gencode::ALB::ENSG00000163631.12::12
Liver-HCC.cds.mut.tsv:4	74283860	74283862	INS	-	A	ACA	DO50806	other	4	74283804	74284028	gc19_pc.cds::gencode::ALB::ENSG00000163631.12	gc19_pc.cds::gencode::ALB::ENSG00000163631.12::12
Liver-HCC.cds.mut.tsv:4	74283956	74283960	DEL	TGCT	-	ATG	DO45085	other	4	74283804	74284028	gc19_pc.cds::gencode::ALB::ENSG00000163631.12	gc19_pc.cds::gencode::ALB::ENSG00000163631.12::12
Liver-HCC.cds.mut.tsv:4	74284000	74284003	DEL	AGA	-	GAG	DO48689	other	4	74283804	74284028	gc19_pc.cds::gencode::ALB::ENSG00000163631.12	gc19_pc.cds::gencode::ALB::ENSG00000163631.12::12
Liver-HCC.cds.mut.tsv:4	74284023	74284025	INS	-	TTA	ACA	DO48716	other	4	74283804	74284028	gc19_pc.cds::gencode::ALB::ENSG00000163631.12	gc19_pc.cds::gencode::ALB::ENSG00000163631.12::12
Liver-HCC.cds.mut.tsv:4	74285245	74285247	INS	-	T	ACA	DO23519	other	4	74285223	74285356	gc19_pc.cds::gencode::ALB::ENSG00000163631.12	gc19_pc.cds::gencode::ALB::ENSG00000163631.12::13
Liver-HCC.cds.mut.tsv:4	74285284	74285288	DEL	ATGG	-	TAT	DO45099	other	4	74285223	74285356	gc19_pc.cds::gencode::ALB::ENSG00000163631.12	gc19_pc.cds::gencode::ALB::ENSG00000163631.12::13
Liver-HCC.cds.mut.tsv:4	74285287	74285288	SNP	G	A	GGA	DO50822	TCC>T	4	74285223	74285356	gc19_pc.cds::gencode::ALB::ENSG00000163631.12	gc19_pc.cds::gencode::ALB::ENSG00000163631.12::13
Liver-HCC.cds.mut.tsv:4	74285297	74285299	DEL	CA	-	GCA	DO45163	other	4	74285223	74285356	gc19_pc.cds::gencode::ALB::ENSG00000163631.12	gc19_pc.cds::gencode::ALB::ENSG00000163631.12::13
Liver-HCC.cds.mut.tsv:4	74285298	74285300	DEL	AG	-	CAG	DO45163	other	4	74285223	74285356	gc19_pc.cds::gencode::ALB::ENSG00000163631.12	gc19_pc.cds::gencode::ALB::ENSG00000163631.12::13
Liver-HCC.cds.mut.tsv:4	74285312	74285330	DEL	AGTGCTGCAAGGCTGACG	-	AAG	DO45097	other	4	74285223	74285356	gc19_pc.cds::gencode::ALB::ENSG00000163631.12	gc19_pc.cds::gencode::ALB::ENSG00000163631.12::13
Liver-HCC.cds.mut.tsv:4	74285339	74285369	DEL	CCTGCTTTGCCGAGGAGGTACTACAGTTCT	-	ACC	DO22839	other	4	74285223	74285356	gc19_pc.cds::gencode::ALB::ENSG00000163631.12	gc19_pc.cds::gencode::ALB::ENSG00000163631.12::13
Liver-HCC.ss.mut.tsv:4	74285339	74285369	DEL	CCTGCTTTGCCGAGGAGGTACTACAGTTCT	-	ACC	DO22839	other	4	74285356	74285362	gc19_pc.ss::gencode::ALB::ENSG00000163631.12	gc19_pc.ss::gencode::ALB::ENSG00000163631.12::25
Liver-HCC.cds.mut.tsv:4	74286008	74286009	DEL	C	-	GCT	DO45233	other	4	74285970	74286015	gc19_pc.cds::gencode::ALB::ENSG00000163631.12	gc19_pc.cds::gencode::ALB::ENSG00000163631.12::14
Liver-HCC.3utr.mut.tsv:4	74286018	74286019	SNP	C	G	TCA	DO23542	TCA>G	4	74286015	74286038	gc19_pc.3utr::gencode::ALB::ENSG00000163631.12	gc19_pc.3utr::gencode::ALB::ENSG00000163631.12::0
Liver-HCC.3utr.mut.tsv:4	74286036	74286046	DEL	AGGTAACTAT	-	CAG	DO23542	other	4	74286015	74286038	gc19_pc.3utr::gencode::ALB::ENSG00000163631.12	gc19_pc.3utr::gencode::ALB::ENSG00000163631.12::0
Liver-HCC.ss.mut.tsv:4	74286036	74286046	DEL	AGGTAACTAT	-	CAG	DO23542	other	4	74286038	74286044	gc19_pc.ss::gencode::ALB::ENSG00000163631.12	gc19_pc.ss::gencode::ALB::ENSG00000163631.12::27
Liver-HCC.ss.mut.tsv:4	74286043	74286047	DEL	TATA	-	CTA	DO45131	other	4	74286038	74286044	gc19_pc.ss::gencode::ALB::ENSG00000163631.12	gc19_pc.ss::gencode::ALB::ENSG00000163631.12::27
Liver-HCC.cds.mut.tsv:4	74286831	74286835	DEL	AAAA	-	GAA	DO45087	other	4	74286808	74286838	gc19_pc.cds::gencode::ALB::ENSG00000163631.12	gc19_pc.cds::gencode::ALB::ENSG00000163631.12::15
Liver-HCC.3utr.mut.tsv:4	74286860	74286862	DEL	TT	-	GTT	DO45183	other	4	74286838	74287129	gc19_pc.3utr::gencode::ALB::ENSG00000163631.12	gc19_pc.3utr::gencode::ALB::ENSG00000163631.12::1
Liver-HCC.3utr.mut.tsv:4	74286908	74286917	DEL	AATTTCTTT	-	AAA	DO48753	other	4	74286838	74287129	gc19_pc.3utr::gencode::ALB::ENSG00000163631.12	gc19_pc.3utr::gencode::ALB::ENSG00000163631.12::1
Liver-HCC.3utr.mut.tsv:4	74286967	74286969	INS	-	TC	AAT	DO48697	other	4	74286838	74287129	gc19_pc.3utr::gencode::ALB::ENSG00000163631.12	gc19_pc.3utr::gencode::ALB::ENSG00000163631.12::1
Liver-HCC.3utr.mut.tsv:4	74286972	74286974	DEL	AT	-	AAT	DO23518	other	4	74286838	74287129	gc19_pc.3utr::gencode::ALB::ENSG00000163631.12	gc19_pc.3utr::gencode::ALB::ENSG00000163631.12::1
Liver-HCC.3utr.mut.tsv:4	74286972	74286974	DEL	AT	-	AAT	DO50825	other	4	74286838	74287129	gc19_pc.3utr::gencode::ALB::ENSG00000163631.12	gc19_pc.3utr::gencode::ALB::ENSG00000163631.12::1
Liver-HCC.3utr.mut.tsv:4	74286973	74286975	INS	-	A	ATA	DO45191	other	4	74286838	74287129	gc19_pc.3utr::gencode::ALB::ENSG00000163631.12	gc19_pc.3utr::gencode::ALB::ENSG00000163631.12::1
Liver-HCC.3utr.mut.tsv:4	74286999	74287002	DEL	CAA	-	TCA	DO45119	other	4	74286838	74287129	gc19_pc.3utr::gencode::ALB::ENSG00000163631.12	gc19_pc.3utr::gencode::ALB::ENSG00000163631.12::1
Liver-HCC.3utr.mut.tsv:4	74287001	74287002	SNP	A	C	AAA	DO23550	TTT>G	4	74286838	74287129	gc19_pc.3utr::gencode::ALB::ENSG00000163631.12	gc19_pc.3utr::gencode::ALB::ENSG00000163631.12::1
Liver-HCC.3utr.mut.tsv:4	74287015	74287017	INS	-	C	ATC	DO50802	other	4	74286838	74287129	gc19_pc.3utr::gencode::ALB::ENSG00000163631.12	gc19_pc.3utr::gencode::ALB::ENSG00000163631.12::1
Liver-HCC.3utr.mut.tsv:4	74287041	74287048	DEL	AAGTTCC	-	GAA	DO44877	other	4	74286838	74287129	gc19_pc.3utr::gencode::ALB::ENSG00000163631.12	gc19_pc.3utr::gencode::ALB::ENSG00000163631.12::1
Liver-HCC.3utr.mut.tsv:4	74287046	74287047	SNP	C	A	TCC	DO44994	TCC>A	4	74286838	74287129	gc19_pc.3utr::gencode::ALB::ENSG00000163631.12	gc19_pc.3utr::gencode::ALB::ENSG00000163631.12::1
Liver-HCC.3utr.mut.tsv:4	74287062	74287063	DEL	T	-	ATT	DO50800	other	4	74286838	74287129	gc19_pc.3utr::gencode::ALB::ENSG00000163631.12	gc19_pc.3utr::gencode::ALB::ENSG00000163631.12::1
Liver-HCC.3utr.mut.tsv:4	74287122	74287124	INS	-	A	TCT	DO23524	other	4	74286838	74287129	gc19_pc.3utr::gencode::ALB::ENSG00000163631.12	gc19_pc.3utr::gencode::ALB::ENSG00000163631.12::1
