20	57484419	57484420	SNP	C	T	CCG	DO51500	CCG>T	20	57484404	57484478	gc19_pc.cds::gencode::GNAS::ENSG00000087460.19	gc19_pc.cds::gencode::GNAS::ENSG00000087460.19::11
20	57484419	57484420	SNP	C	T	CCG	DO33488	CCG>T	20	57484404	57484478	gc19_pc.cds::gencode::GNAS::ENSG00000087460.19	gc19_pc.cds::gencode::GNAS::ENSG00000087460.19::11
20	57430056	57430057	SNP	C	T	ACG	DO49087	ACG>T	20	57428320	57430388	gc19_pc.cds::gencode::GNAS::ENSG00000087460.19	gc19_pc.cds::gencode::GNAS::ENSG00000087460.19::1
20	57484419	57484420	SNP	C	T	CCG	DO49087	CCG>T	20	57484404	57484478	gc19_pc.cds::gencode::GNAS::ENSG00000087460.19	gc19_pc.cds::gencode::GNAS::ENSG00000087460.19::11
20	57478758	57478759	SNP	C	G	CCC	DO34680	CCC>G	20	57478726	57478846	gc19_pc.cds::gencode::GNAS::ENSG00000087460.19	gc19_pc.cds::gencode::GNAS::ENSG00000087460.19::8
20	57484594	57484595	SNP	C	G	CCA	DO51491	CCA>G	20	57484575	57484634	gc19_pc.cds::gencode::GNAS::ENSG00000087460.19	gc19_pc.cds::gencode::GNAS::ENSG00000087460.19::12
20	57484420	57484421	SNP	G	A	CGT	DO49421	ACG>T	20	57484404	57484478	gc19_pc.cds::gencode::GNAS::ENSG00000087460.19	gc19_pc.cds::gencode::GNAS::ENSG00000087460.19::11
20	57484420	57484421	SNP	G	A	CGT	DO33264	ACG>T	20	57484404	57484478	gc19_pc.cds::gencode::GNAS::ENSG00000087460.19	gc19_pc.cds::gencode::GNAS::ENSG00000087460.19::11
20	57415844	57415845	SNP	C	T	ACG	DO34905	ACG>T	20	57415161	57415899	gc19_pc.cds::gencode::GNAS::ENSG00000087460.19	gc19_pc.cds::gencode::GNAS::ENSG00000087460.19::0
20	57429684	57429685	SNP	C	T	CCG	DO34696	CCG>T	20	57428320	57430388	gc19_pc.cds::gencode::GNAS::ENSG00000087460.19	gc19_pc.cds::gencode::GNAS::ENSG00000087460.19::1
20	57415847	57415848	SNP	G	A	CGT	DO49168	ACG>T	20	57415161	57415899	gc19_pc.cds::gencode::GNAS::ENSG00000087460.19	gc19_pc.cds::gencode::GNAS::ENSG00000087460.19::0
20	57484420	57484421	SNP	G	A	CGT	DO51515	ACG>T	20	57484404	57484478	gc19_pc.cds::gencode::GNAS::ENSG00000087460.19	gc19_pc.cds::gencode::GNAS::ENSG00000087460.19::11
20	57484419	57484420	SNP	C	T	CCG	DO51528	CCG>T	20	57484404	57484478	gc19_pc.cds::gencode::GNAS::ENSG00000087460.19	gc19_pc.cds::gencode::GNAS::ENSG00000087460.19::11
20	57484419	57484420	SNP	C	T	CCG	DO33016	CCG>T	20	57484404	57484478	gc19_pc.cds::gencode::GNAS::ENSG00000087460.19	gc19_pc.cds::gencode::GNAS::ENSG00000087460.19::11
20	57415810	57415811	SNP	G	A	CGT	DO49204	ACG>T	20	57415161	57415899	gc19_pc.cds::gencode::GNAS::ENSG00000087460.19	gc19_pc.cds::gencode::GNAS::ENSG00000087460.19::0
